{
  "mtx": [
    [
      580,
      0,
      319
    ],
    [
      0,
      580,
      239
    ],
    [
      0,
      0,
      1
    ]
  ],
  "roi": [
    30,
    100,
    600,
    300
  ],
  "dist_coef": null,
  "rot_mtx": [
    [
      -0.03779394,
      -0.86591157,
      -0.49876718
    ],
    [
      -0.99859376,
      0.01415901,
      0.05108658
    ],
    [
      -0.03717441,
      0.49999658,
      -0.86522901
    ]
  ],
  "tvec": [
    250,
    112,
    145.07156932
  ],
  "ksize": 29,
  "sigma": 4.45,
  "threshold": 0,
  "colored": false
}
