{
  "mtx": [
    [
      580,
      0,
      319
    ],
    [
      0,
      580,
      239
    ],
    [
      0,
      0,
      1
    ]
  ],
  "roi": [
    30,
    100,
    600,
    300
  ],
  "dist_coef": null,
  "rot_mtx": [
    [
      1,
      0,
      0
    ],
    [
      0,
      0.8660254,
      -0.5
    ],
    [
      0,
      0.5,
      0.8660254
    ]
  ],
  "tvec": [
    250,
    112,
    145.07156932
  ],
  "ksize": 29,
  "sigma": 4.45,
  "threshold": 0,
  "colored": false
}
